Issue ID,Description,State,Severity,Story Points,Project Path,Location Kind,Path,Line,Column,Incident ID,Help Link,Assembly Name,Assembly Version,Assembly Public Key,Snippet
NuGet.0002,NuGet package upgrade is recommended,Active,Potential,1,src\Administration\Administration.csproj,File,src\Administration\Administration.csproj,,,Microsoft.AspNetCore.OpenApi 8.0.0,,,,,"Microsoft.AspNetCore.OpenApi, 8.0.0  Recommendation:  Remove Microsoft.AspNetCore.OpenApi, and replace with new package Microsoft.AspNetCore.OpenApi 10.0.4"
NuGet.0002,NuGet package upgrade is recommended,Active,Potential,1,src\Administration\Administration.csproj,File,src\Administration\Administration.csproj,,,Microsoft.EntityFrameworkCore.Design 8.0.0,,,,,"Microsoft.EntityFrameworkCore.Design, 8.0.0  Recommendation:  Remove Microsoft.EntityFrameworkCore.Design, and replace with new package Microsoft.EntityFrameworkCore.Design 10.0.4"
NuGet.0002,NuGet package upgrade is recommended,Active,Potential,1,src\Administration\Administration.csproj,File,src\Administration\Administration.csproj,,,Microsoft.EntityFrameworkCore 8.0.0,,,,,"Microsoft.EntityFrameworkCore, 8.0.0  Recommendation:  Remove Microsoft.EntityFrameworkCore, and replace with new package Microsoft.EntityFrameworkCore 10.0.4"
NuGet.0005,NuGet package is deprecated,Active,Optional,1,src\Administration\Administration.csproj,File,src\Administration\Administration.csproj,,,Npgsql.EntityFrameworkCore.PostgreSQL.Design 1.1.0,,,,,"Npgsql.EntityFrameworkCore.PostgreSQL.Design, 1.1.0  Recommendation:  This package is no longer needed in newer versions of the provider - simply remove any references to it. Remove Npgsql.EntityFrameworkCore.PostgreSQL.Design, and replace with new package Npgsql.EntityFrameworkCore.PostgreSQL.Design, 1.1.0"
Project.0002,Project's target framework(s) needs to be changed,Active,Mandatory,1,src\Administration\Administration.csproj,File,src\Administration\Administration.csproj,,,,,,,,Current target framework: net8.0 Recommended target framework: net10.0
NuGet.0002,NuGet package upgrade is recommended,Active,Potential,1,src\Authentication\Authentication.csproj,File,src\Authentication\Authentication.csproj,,,Microsoft.AspNetCore.OpenApi 8.0.0,,,,,"Microsoft.AspNetCore.OpenApi, 8.0.0  Recommendation:  Remove Microsoft.AspNetCore.OpenApi, and replace with new package Microsoft.AspNetCore.OpenApi 10.0.4"
NuGet.0002,NuGet package upgrade is recommended,Active,Potential,1,src\Authentication\Authentication.csproj,File,src\Authentication\Authentication.csproj,,,Microsoft.EntityFrameworkCore 8.0.0,,,,,"Microsoft.EntityFrameworkCore, 8.0.0  Recommendation:  Remove Microsoft.EntityFrameworkCore, and replace with new package Microsoft.EntityFrameworkCore 10.0.4"
NuGet.0002,NuGet package upgrade is recommended,Active,Potential,1,src\Authentication\Authentication.csproj,File,src\Authentication\Authentication.csproj,,,Microsoft.EntityFrameworkCore.Design 8.0.0,,,,,"Microsoft.EntityFrameworkCore.Design, 8.0.0  Recommendation:  Remove Microsoft.EntityFrameworkCore.Design, and replace with new package Microsoft.EntityFrameworkCore.Design 10.0.4"
NuGet.0005,NuGet package is deprecated,Active,Optional,1,src\Authentication\Authentication.csproj,File,src\Authentication\Authentication.csproj,,,Npgsql.EntityFrameworkCore.PostgreSQL.Design 1.1.0,,,,,"Npgsql.EntityFrameworkCore.PostgreSQL.Design, 1.1.0  Recommendation:  This package is no longer needed in newer versions of the provider - simply remove any references to it. Remove Npgsql.EntityFrameworkCore.PostgreSQL.Design, and replace with new package Npgsql.EntityFrameworkCore.PostgreSQL.Design, 1.1.0"
Project.0002,Project's target framework(s) needs to be changed,Active,Mandatory,1,src\Authentication\Authentication.csproj,File,src\Authentication\Authentication.csproj,,,,,,,,Current target framework: net8.0 Recommended target framework: net10.0
Api.0001,Binary incompatible for selected .NET version,Active,Mandatory,1,src\Authentication\Authentication.csproj,File,src\Authentication\Controllers\AuthenticateController.cs,381,12,T:System.IdentityModel.Tokens.Jwt.JwtHeader,,,,,"if (securityToken is not JwtSecurityToken jwtSecurityToken || !jwtSecurityToken.Header.Alg.Equals(SecurityAlgorithms.HmacSha256, StringComparison.InvariantCultureIgnoreCase))              {                  throw new SecurityTokenException(""Invalid token"");              }"
Api.0001,Binary incompatible for selected .NET version,Active,Mandatory,1,src\Authentication\Authentication.csproj,File,src\Authentication\Controllers\AuthenticateController.cs,381,12,P:System.IdentityModel.Tokens.Jwt.JwtSecurityToken.Header,,,,,"if (securityToken is not JwtSecurityToken jwtSecurityToken || !jwtSecurityToken.Header.Alg.Equals(SecurityAlgorithms.HmacSha256, StringComparison.InvariantCultureIgnoreCase))              {                  throw new SecurityTokenException(""Invalid token"");              }"
Api.0001,Binary incompatible for selected .NET version,Active,Mandatory,1,src\Authentication\Authentication.csproj,File,src\Authentication\Controllers\AuthenticateController.cs,381,12,P:System.IdentityModel.Tokens.Jwt.JwtHeader.Alg,,,,,"if (securityToken is not JwtSecurityToken jwtSecurityToken || !jwtSecurityToken.Header.Alg.Equals(SecurityAlgorithms.HmacSha256, StringComparison.InvariantCultureIgnoreCase))              {                  throw new SecurityTokenException(""Invalid token"");              }"
Api.0001,Binary incompatible for selected .NET version,Active,Mandatory,1,src\Authentication\Authentication.csproj,File,src\Authentication\Controllers\AuthenticateController.cs,379,12,"M:System.IdentityModel.Tokens.Jwt.JwtSecurityTokenHandler.ValidateToken(System.String,Microsoft.IdentityModel.Tokens.TokenValidationParameters,Microsoft.IdentityModel.Tokens.SecurityToken@)",,,,,"var principal = tokenHandler.ValidateToken(token, tokenValidationParameters, out SecurityToken securityToken);"
Api.0001,Binary incompatible for selected .NET version,Active,Mandatory,1,src\Authentication\Authentication.csproj,File,src\Authentication\Controllers\AuthenticateController.cs,378,12,T:System.IdentityModel.Tokens.Jwt.JwtSecurityTokenHandler,,,,,var tokenHandler = new JwtSecurityTokenHandler();
Api.0001,Binary incompatible for selected .NET version,Active,Mandatory,1,src\Authentication\Authentication.csproj,File,src\Authentication\Controllers\AuthenticateController.cs,378,12,M:System.IdentityModel.Tokens.Jwt.JwtSecurityTokenHandler.#ctor,,,,,var tokenHandler = new JwtSecurityTokenHandler();
Api.0001,Binary incompatible for selected .NET version,Active,Mandatory,1,src\Authentication\Authentication.csproj,File,src\Authentication\Controllers\AuthenticateController.cs,338,8,T:System.IdentityModel.Tokens.Jwt.JwtSecurityToken,,,,,private JwtSecurityToken CreateToken(List<Claim> authClaims)
Api.0001,Binary incompatible for selected .NET version,Active,Mandatory,1,src\Authentication\Authentication.csproj,File,src\Authentication\Controllers\AuthenticateController.cs,348,12,T:System.IdentityModel.Tokens.Jwt.JwtSecurityToken,,,,,"var token = new JwtSecurityToken(                  issuer: _configuration[""JWT:ValidIssuer""],                  audience: _configuration[""JWT:ValidAudience""],                  expires: validTo,                  claims: authClaims,                  signingCredentials: new SigningCredentials(authSigningKey, SecurityAlgorithms.HmacSha256)                  );"
Api.0001,Binary incompatible for selected .NET version,Active,Mandatory,1,src\Authentication\Authentication.csproj,File,src\Authentication\Controllers\AuthenticateController.cs,348,12,"M:System.IdentityModel.Tokens.Jwt.JwtSecurityToken.#ctor(System.String,System.String,System.Collections.Generic.IEnumerable{System.Security.Claims.Claim},System.Nullable{System.DateTime},System.Nullable{System.DateTime},Microsoft.IdentityModel.Tokens.SigningCredentials)",,,,,"var token = new JwtSecurityToken(                  issuer: _configuration[""JWT:ValidIssuer""],                  audience: _configuration[""JWT:ValidAudience""],                  expires: validTo,                  claims: authClaims,                  signingCredentials: new SigningCredentials(authSigningKey, SecurityAlgorithms.HmacSha256)                  );"
Api.0001,Binary incompatible for selected .NET version,Active,Mandatory,1,src\Authentication\Authentication.csproj,File,src\Authentication\Controllers\AuthenticateController.cs,285,12,P:System.IdentityModel.Tokens.Jwt.JwtSecurityToken.ValidTo,,,,,"return Ok(new              {                  accesstoken = new JwtSecurityTokenHandler().WriteToken(token),                  refreshtoken = newRefreshToken,                  validTo = token.ValidTo              });"
Api.0001,Binary incompatible for selected .NET version,Active,Mandatory,1,src\Authentication\Authentication.csproj,File,src\Authentication\Controllers\AuthenticateController.cs,285,12,T:System.IdentityModel.Tokens.Jwt.JwtSecurityTokenHandler,,,,,"return Ok(new              {                  accesstoken = new JwtSecurityTokenHandler().WriteToken(token),                  refreshtoken = newRefreshToken,                  validTo = token.ValidTo              });"
Api.0001,Binary incompatible for selected .NET version,Active,Mandatory,1,src\Authentication\Authentication.csproj,File,src\Authentication\Controllers\AuthenticateController.cs,285,12,M:System.IdentityModel.Tokens.Jwt.JwtSecurityTokenHandler.#ctor,,,,,"return Ok(new              {                  accesstoken = new JwtSecurityTokenHandler().WriteToken(token),                  refreshtoken = newRefreshToken,                  validTo = token.ValidTo              });"
Api.0001,Binary incompatible for selected .NET version,Active,Mandatory,1,src\Authentication\Authentication.csproj,File,src\Authentication\Controllers\AuthenticateController.cs,285,12,M:System.IdentityModel.Tokens.Jwt.JwtSecurityTokenHandler.WriteToken(Microsoft.IdentityModel.Tokens.SecurityToken),,,,,"return Ok(new              {                  accesstoken = new JwtSecurityTokenHandler().WriteToken(token),                  refreshtoken = newRefreshToken,                  validTo = token.ValidTo              });"
Api.0001,Binary incompatible for selected .NET version,Active,Mandatory,1,src\Authentication\Authentication.csproj,File,src\Authentication\Controllers\AuthenticateController.cs,270,12,P:System.IdentityModel.Tokens.Jwt.JwtSecurityToken.ValidFrom,,,,,user.RefreshTokenExpiryTime = token.ValidFrom;
Api.0001,Binary incompatible for selected .NET version,Active,Mandatory,1,src\Authentication\Authentication.csproj,File,src\Authentication\Controllers\AuthenticateController.cs,266,12,T:System.IdentityModel.Tokens.Jwt.JwtSecurityToken,,,,,var token = CreateToken(principal.Claims.ToList());
Api.0001,Binary incompatible for selected .NET version,Active,Mandatory,1,src\Authentication\Authentication.csproj,File,src\Authentication\Controllers\AuthenticateController.cs,108,20,P:System.IdentityModel.Tokens.Jwt.JwtSecurityToken.ValidTo,,,,,"return Ok(new                      {                          accesstoken = new JwtSecurityTokenHandler().WriteToken(token),                          refreshtoken = refreshToken,                          validTo = token.ValidTo                      });"
Api.0001,Binary incompatible for selected .NET version,Active,Mandatory,1,src\Authentication\Authentication.csproj,File,src\Authentication\Controllers\AuthenticateController.cs,108,20,T:System.IdentityModel.Tokens.Jwt.JwtSecurityTokenHandler,,,,,"return Ok(new                      {                          accesstoken = new JwtSecurityTokenHandler().WriteToken(token),                          refreshtoken = refreshToken,                          validTo = token.ValidTo                      });"
Api.0001,Binary incompatible for selected .NET version,Active,Mandatory,1,src\Authentication\Authentication.csproj,File,src\Authentication\Controllers\AuthenticateController.cs,108,20,M:System.IdentityModel.Tokens.Jwt.JwtSecurityTokenHandler.#ctor,,,,,"return Ok(new                      {                          accesstoken = new JwtSecurityTokenHandler().WriteToken(token),                          refreshtoken = refreshToken,                          validTo = token.ValidTo                      });"
Api.0001,Binary incompatible for selected .NET version,Active,Mandatory,1,src\Authentication\Authentication.csproj,File,src\Authentication\Controllers\AuthenticateController.cs,108,20,M:System.IdentityModel.Tokens.Jwt.JwtSecurityTokenHandler.WriteToken(Microsoft.IdentityModel.Tokens.SecurityToken),,,,,"return Ok(new                      {                          accesstoken = new JwtSecurityTokenHandler().WriteToken(token),                          refreshtoken = refreshToken,                          validTo = token.ValidTo                      });"
Api.0001,Binary incompatible for selected .NET version,Active,Mandatory,1,src\Authentication\Authentication.csproj,File,src\Authentication\Controllers\AuthenticateController.cs,89,20,T:System.IdentityModel.Tokens.Jwt.JwtSecurityToken,,,,,var token = CreateToken(authClaims);
Api.0001,Binary incompatible for selected .NET version,Active,Mandatory,1,src\Authentication\Authentication.csproj,File,src\Authentication\Controllers\AuthenticateController.cs,77,20,T:System.IdentityModel.Tokens.Jwt.JwtRegisteredClaimNames,,,,,"var authClaims = new List<Claim>                      {                          new Claim(ClaimTypes.Name, model.Username),                          new Claim(ClaimTypes.PrimarySid, user.TenantId.ToString()),                          new Claim(JwtRegisteredClaimNames.Jti, Guid.NewGuid().ToString()),                      };"
Api.0001,Binary incompatible for selected .NET version,Active,Mandatory,1,src\Authentication\Authentication.csproj,File,src\Authentication\Controllers\AuthenticateController.cs,77,20,F:System.IdentityModel.Tokens.Jwt.JwtRegisteredClaimNames.Jti,,,,,"var authClaims = new List<Claim>                      {                          new Claim(ClaimTypes.Name, model.Username),                          new Claim(ClaimTypes.PrimarySid, user.TenantId.ToString()),                          new Claim(JwtRegisteredClaimNames.Jti, Guid.NewGuid().ToString()),                      };"
Api.0002,Source incompatible for selected .NET version,Active,Potential,1,src\Authentication\Authentication.csproj,File,src\Authentication\Program.cs,42,15,P:Microsoft.AspNetCore.Authentication.JwtBearer.JwtBearerOptions.TokenValidationParameters,,,,,"jwtoptions.TokenValidationParameters = new TokenValidationParameters()                 {                     ValidateIssuer = true,                     ValidateAudience = true,                     ValidateLifetime = true,                     ValidateIssuerSigningKey = true,                     ClockSkew = TimeSpan.Zero,                       ValidAudience = configuration[""JWT:ValidAudience""],                     ValidIssuer = configuration[""JWT:ValidIssuer""],                     IssuerSigningKey = new SymmetricSecurityKey(Encoding.UTF8.GetBytes(configuration[""JWT:Secret""] ?? throw new ArgumentNullException(""JWT:Secret"")))                 };"
Api.0002,Source incompatible for selected .NET version,Active,Potential,1,src\Authentication\Authentication.csproj,File,src\Authentication\Program.cs,41,15,P:Microsoft.AspNetCore.Authentication.JwtBearer.JwtBearerOptions.RequireHttpsMetadata,,,,,jwtoptions.RequireHttpsMetadata = false;
Api.0002,Source incompatible for selected .NET version,Active,Potential,1,src\Authentication\Authentication.csproj,File,src\Authentication\Program.cs,40,15,P:Microsoft.AspNetCore.Authentication.JwtBearer.JwtBearerOptions.SaveToken,,,,,jwtoptions.SaveToken = true;
Api.0002,Source incompatible for selected .NET version,Active,Potential,1,src\Authentication\Authentication.csproj,File,src\Authentication\Program.cs,36,16,T:Microsoft.AspNetCore.Authentication.JwtBearer.JwtBearerDefaults,,,,,options.DefaultScheme = JwtBearerDefaults.AuthenticationScheme;
Api.0002,Source incompatible for selected .NET version,Active,Potential,1,src\Authentication\Authentication.csproj,File,src\Authentication\Program.cs,36,16,F:Microsoft.AspNetCore.Authentication.JwtBearer.JwtBearerDefaults.AuthenticationScheme,,,,,options.DefaultScheme = JwtBearerDefaults.AuthenticationScheme;
Api.0002,Source incompatible for selected .NET version,Active,Potential,1,src\Authentication\Authentication.csproj,File,src\Authentication\Program.cs,35,16,T:Microsoft.AspNetCore.Authentication.JwtBearer.JwtBearerDefaults,,,,,options.DefaultChallengeScheme = JwtBearerDefaults.AuthenticationScheme;
Api.0002,Source incompatible for selected .NET version,Active,Potential,1,src\Authentication\Authentication.csproj,File,src\Authentication\Program.cs,35,16,F:Microsoft.AspNetCore.Authentication.JwtBearer.JwtBearerDefaults.AuthenticationScheme,,,,,options.DefaultChallengeScheme = JwtBearerDefaults.AuthenticationScheme;
Api.0002,Source incompatible for selected .NET version,Active,Potential,1,src\Authentication\Authentication.csproj,File,src\Authentication\Program.cs,34,16,T:Microsoft.AspNetCore.Authentication.JwtBearer.JwtBearerDefaults,,,,,options.DefaultAuthenticateScheme = JwtBearerDefaults.AuthenticationScheme;
Api.0002,Source incompatible for selected .NET version,Active,Potential,1,src\Authentication\Authentication.csproj,File,src\Authentication\Program.cs,34,16,F:Microsoft.AspNetCore.Authentication.JwtBearer.JwtBearerDefaults.AuthenticationScheme,,,,,options.DefaultAuthenticateScheme = JwtBearerDefaults.AuthenticationScheme;
Api.0002,Source incompatible for selected .NET version,Active,Potential,1,src\Authentication\Authentication.csproj,File,src\Authentication\Program.cs,32,12,T:Microsoft.Extensions.DependencyInjection.JwtBearerExtensions,,,,,"builder.Services.AddAuthentication(options =>              {                  options.DefaultAuthenticateScheme = JwtBearerDefaults.AuthenticationScheme;                  options.DefaultChallengeScheme = JwtBearerDefaults.AuthenticationScheme;                  options.DefaultScheme = JwtBearerDefaults.AuthenticationScheme;              })             .AddJwtBearer(jwtoptions =>             {                 jwtoptions.SaveToken = true;                 jwtoptions.RequireHttpsMetadata = false;                 jwtoptions.TokenValidationParameters = new TokenValidationParameters()                 {                     ValidateIssuer = true,                     ValidateAudience = true,                     ValidateLifetime = true,                     ValidateIssuerSigningKey = true,                     ClockSkew = TimeSpan.Zero,                       ValidAudience = configuration[""JWT:ValidAudience""],                     ValidIssuer = configuration[""JWT:ValidIssuer""],                     IssuerSigningKey = new SymmetricSecurityKey(Encoding.UTF8.GetBytes(configuration[""JWT:Secret""] ?? throw new ArgumentNullException(""JWT:Secret"")))                 };             });"
Api.0002,Source incompatible for selected .NET version,Active,Potential,1,src\Authentication\Authentication.csproj,File,src\Authentication\Program.cs,32,12,"M:Microsoft.Extensions.DependencyInjection.JwtBearerExtensions.AddJwtBearer(Microsoft.AspNetCore.Authentication.AuthenticationBuilder,System.Action{Microsoft.AspNetCore.Authentication.JwtBearer.JwtBearerOptions})",,,,,"builder.Services.AddAuthentication(options =>              {                  options.DefaultAuthenticateScheme = JwtBearerDefaults.AuthenticationScheme;                  options.DefaultChallengeScheme = JwtBearerDefaults.AuthenticationScheme;                  options.DefaultScheme = JwtBearerDefaults.AuthenticationScheme;              })             .AddJwtBearer(jwtoptions =>             {                 jwtoptions.SaveToken = true;                 jwtoptions.RequireHttpsMetadata = false;                 jwtoptions.TokenValidationParameters = new TokenValidationParameters()                 {                     ValidateIssuer = true,                     ValidateAudience = true,                     ValidateLifetime = true,                     ValidateIssuerSigningKey = true,                     ClockSkew = TimeSpan.Zero,                       ValidAudience = configuration[""JWT:ValidAudience""],                     ValidIssuer = configuration[""JWT:ValidIssuer""],                     IssuerSigningKey = new SymmetricSecurityKey(Encoding.UTF8.GetBytes(configuration[""JWT:Secret""] ?? throw new ArgumentNullException(""JWT:Secret"")))                 };             });"
Api.0002,Source incompatible for selected .NET version,Active,Potential,1,src\Authentication\Authentication.csproj,File,src\Authentication\Program.cs,27,12,T:Microsoft.Extensions.DependencyInjection.IdentityEntityFrameworkBuilderExtensions,,,,,"builder.Services.AddIdentity<ApplicationUser, IdentityRole>()                  .AddEntityFrameworkStores<IdentityDataContext>()                  .AddDefaultTokenProviders();"
Api.0002,Source incompatible for selected .NET version,Active,Potential,1,src\Authentication\Authentication.csproj,File,src\Authentication\Program.cs,27,12,M:Microsoft.Extensions.DependencyInjection.IdentityEntityFrameworkBuilderExtensions.AddEntityFrameworkStores``1(Microsoft.AspNetCore.Identity.IdentityBuilder),,,,,"builder.Services.AddIdentity<ApplicationUser, IdentityRole>()                  .AddEntityFrameworkStores<IdentityDataContext>()                  .AddDefaultTokenProviders();"
NuGet.0002,NuGet package upgrade is recommended,Active,Potential,1,src\Calendar\Calendar.csproj,File,src\Calendar\Calendar.csproj,,,Microsoft.AspNetCore.OpenApi 8.0.0,,,,,"Microsoft.AspNetCore.OpenApi, 8.0.0  Recommendation:  Remove Microsoft.AspNetCore.OpenApi, and replace with new package Microsoft.AspNetCore.OpenApi 10.0.4"
Project.0002,Project's target framework(s) needs to be changed,Active,Mandatory,1,src\Calendar\Calendar.csproj,File,src\Calendar\Calendar.csproj,,,,,,,,Current target framework: net8.0 Recommended target framework: net10.0
NuGet.0002,NuGet package upgrade is recommended,Active,Potential,1,src\Codes\Codes.csproj,File,src\Codes\Codes.csproj,,,Microsoft.AspNetCore.OpenApi 8.0.0,,,,,"Microsoft.AspNetCore.OpenApi, 8.0.0  Recommendation:  Remove Microsoft.AspNetCore.OpenApi, and replace with new package Microsoft.AspNetCore.OpenApi 10.0.4"
NuGet.0002,NuGet package upgrade is recommended,Active,Potential,1,src\Codes\Codes.csproj,File,src\Codes\Codes.csproj,,,Microsoft.EntityFrameworkCore.Tools 8.0.1,,,,,"Microsoft.EntityFrameworkCore.Tools, 8.0.1  Recommendation:  Remove Microsoft.EntityFrameworkCore.Tools, and replace with new package Microsoft.EntityFrameworkCore.Tools 10.0.4"
NuGet.0005,NuGet package is deprecated,Active,Optional,1,src\Codes\Codes.csproj,File,src\Codes\Codes.csproj,,,Npgsql.EntityFrameworkCore.PostgreSQL.Design 1.1.0,,,,,"Npgsql.EntityFrameworkCore.PostgreSQL.Design, 1.1.0  Recommendation:  This package is no longer needed in newer versions of the provider - simply remove any references to it. Remove Npgsql.EntityFrameworkCore.PostgreSQL.Design, and replace with new package Npgsql.EntityFrameworkCore.PostgreSQL.Design, 1.1.0"
Project.0002,Project's target framework(s) needs to be changed,Active,Mandatory,1,src\Codes\Codes.csproj,File,src\Codes\Codes.csproj,,,,,,,,Current target framework: net8.0 Recommended target framework: net10.0
NuGet.0002,NuGet package upgrade is recommended,Active,Potential,1,src\Collectors\Collector\Collector.csproj,File,src\Collectors\Collector\Collector.csproj,,,Microsoft.AspNetCore.OpenApi 8.0.0,,,,,"Microsoft.AspNetCore.OpenApi, 8.0.0  Recommendation:  Remove Microsoft.AspNetCore.OpenApi, and replace with new package Microsoft.AspNetCore.OpenApi 10.0.4"
NuGet.0002,NuGet package upgrade is recommended,Active,Potential,1,src\Collectors\Collector\Collector.csproj,File,src\Collectors\Collector\Collector.csproj,,,Microsoft.EntityFrameworkCore 8.0.0,,,,,"Microsoft.EntityFrameworkCore, 8.0.0  Recommendation:  Remove Microsoft.EntityFrameworkCore, and replace with new package Microsoft.EntityFrameworkCore 10.0.4"
NuGet.0002,NuGet package upgrade is recommended,Active,Potential,1,src\Collectors\Collector\Collector.csproj,File,src\Collectors\Collector\Collector.csproj,,,Microsoft.EntityFrameworkCore.Design 8.0.0,,,,,"Microsoft.EntityFrameworkCore.Design, 8.0.0  Recommendation:  Remove Microsoft.EntityFrameworkCore.Design, and replace with new package Microsoft.EntityFrameworkCore.Design 10.0.4"
Project.0002,Project's target framework(s) needs to be changed,Active,Mandatory,1,src\Collectors\Collector\Collector.csproj,File,src\Collectors\Collector\Collector.csproj,,,,,,,,Current target framework: net8.0 Recommended target framework: net10.0
NuGet.0002,NuGet package upgrade is recommended,Active,Potential,1,src\Collectors\CollectorFactory\CollectorFactory.csproj,File,src\Collectors\CollectorFactory\CollectorFactory.csproj,,,Microsoft.Extensions.Logging 8.0.0,,,,,"Microsoft.Extensions.Logging, 8.0.0  Recommendation:  Remove Microsoft.Extensions.Logging, and replace with new package Microsoft.Extensions.Logging 10.0.4"
Project.0002,Project's target framework(s) needs to be changed,Active,Mandatory,1,src\Collectors\CollectorFactory\CollectorFactory.csproj,File,src\Collectors\CollectorFactory\CollectorFactory.csproj,,,,,,,,Current target framework: net8.0 Recommended target framework: net10.0
NuGet.0002,NuGet package upgrade is recommended,Active,Potential,1,src\Collectors\CollectorsController\CollectorsController.csproj,File,src\Collectors\CollectorsController\CollectorsController.csproj,,,Microsoft.AspNetCore.OpenApi 8.0.0,,,,,"Microsoft.AspNetCore.OpenApi, 8.0.0  Recommendation:  Remove Microsoft.AspNetCore.OpenApi, and replace with new package Microsoft.AspNetCore.OpenApi 10.0.4"
Project.0002,Project's target framework(s) needs to be changed,Active,Mandatory,1,src\Collectors\CollectorsController\CollectorsController.csproj,File,src\Collectors\CollectorsController\CollectorsController.csproj,,,,,,,,Current target framework: net8.0 Recommended target framework: net10.0
NuGet.0002,NuGet package upgrade is recommended,Active,Potential,1,src\Collectors\CollectorSupport\CollectorSupport.csproj,File,src\Collectors\CollectorSupport\CollectorSupport.csproj,,,Microsoft.AspNetCore.OpenApi 8.0.0,,,,,"Microsoft.AspNetCore.OpenApi, 8.0.0  Recommendation:  Remove Microsoft.AspNetCore.OpenApi, and replace with new package Microsoft.AspNetCore.OpenApi 10.0.4"
NuGet.0002,NuGet package upgrade is recommended,Active,Potential,1,src\Collectors\CollectorSupport\CollectorSupport.csproj,File,src\Collectors\CollectorSupport\CollectorSupport.csproj,,,Microsoft.EntityFrameworkCore.Design 8.0.0,,,,,"Microsoft.EntityFrameworkCore.Design, 8.0.0  Recommendation:  Remove Microsoft.EntityFrameworkCore.Design, and replace with new package Microsoft.EntityFrameworkCore.Design 10.0.4"
NuGet.0002,NuGet package upgrade is recommended,Active,Potential,1,src\Collectors\CollectorSupport\CollectorSupport.csproj,File,src\Collectors\CollectorSupport\CollectorSupport.csproj,,,Microsoft.EntityFrameworkCore 8.0.0,,,,,"Microsoft.EntityFrameworkCore, 8.0.0  Recommendation:  Remove Microsoft.EntityFrameworkCore, and replace with new package Microsoft.EntityFrameworkCore 10.0.4"
NuGet.0002,NuGet package upgrade is recommended,Active,Potential,1,src\Collectors\CollectorSupport\CollectorSupport.csproj,File,src\Collectors\CollectorSupport\CollectorSupport.csproj,,,Microsoft.Extensions.Localization 8.0.0,,,,,"Microsoft.Extensions.Localization, 8.0.0  Recommendation:  Remove Microsoft.Extensions.Localization, and replace with new package Microsoft.Extensions.Localization 10.0.4"
NuGet.0005,NuGet package is deprecated,Active,Optional,1,src\Collectors\CollectorSupport\CollectorSupport.csproj,File,src\Collectors\CollectorSupport\CollectorSupport.csproj,,,Npgsql.EntityFrameworkCore.PostgreSQL.Design 1.1.0,,,,,"Npgsql.EntityFrameworkCore.PostgreSQL.Design, 1.1.0  Recommendation:  This package is no longer needed in newer versions of the provider - simply remove any references to it. Remove Npgsql.EntityFrameworkCore.PostgreSQL.Design, and replace with new package Npgsql.EntityFrameworkCore.PostgreSQL.Design, 1.1.0"
NuGet.0004,NuGet package contains security vulnerability,Active,Optional,1,src\Collectors\CollectorSupport\CollectorSupport.csproj,File,src\Collectors\CollectorSupport\CollectorSupport.csproj,,,RestSharp 110.2.0,,,,,"RestSharp, 110.2.0  Recommendation:  RestSharp, 114.0.0"
Project.0002,Project's target framework(s) needs to be changed,Active,Mandatory,1,src\Collectors\CollectorSupport\CollectorSupport.csproj,File,src\Collectors\CollectorSupport\CollectorSupport.csproj,,,,,,,,Current target framework: net8.0 Recommended target framework: net10.0
Api.0003,Behavioral change in selected .NET version,Active,Potential,1,src\Collectors\CollectorSupport\CollectorSupport.csproj,File,src\Collectors\CollectorSupport\Interface\IClient.cs,12,8,T:System.Uri,,,,, Task Connect(Uri target)
Api.0003,Behavioral change in selected .NET version,Active,Potential,1,src\Collectors\CollectorSupport\CollectorSupport.csproj,File,src\Collectors\CollectorSupport\Model\RESTClient.cs,29,8,T:System.Uri,,,,,public async Task Connect(Uri target)
Api.0003,Behavioral change in selected .NET version,Active,Potential,1,src\Collectors\CollectorSupport\CollectorSupport.csproj,File,src\Collectors\CollectorSupport\Model\GenericFhirClient.cs,22,8,T:System.Uri,,,,,public async Task Connect(Uri target)
Api.0003,Behavioral change in selected .NET version,Active,Potential,1,src\Collectors\CollectorSupport\CollectorSupport.csproj,File,src\Collectors\CollectorSupport\Model\GenericFhirClient.cs,24,12,T:System.Uri,,,,,this.target = target;
Api.0003,Behavioral change in selected .NET version,Active,Potential,1,src\Collectors\CollectorSupport\CollectorSupport.csproj,File,src\Collectors\CollectorSupport\Model\GenericFhirClient.cs,10,20,T:System.Uri,,,,,target
Project.0002,Project's target framework(s) needs to be changed,Active,Mandatory,1,test\CollectorTests\CollectorTests\CollectorTests.csproj,File,test\CollectorTests\CollectorTests\CollectorTests.csproj,,,,,,,,Current target framework: net8.0 Recommended target framework: net10.0
Project.0002,Project's target framework(s) needs to be changed,Active,Mandatory,1,test\DevTests\DevTests.csproj,File,test\DevTests\DevTests.csproj,,,,,,,,Current target framework: net8.0 Recommended target framework: net10.0
Api.0003,Behavioral change in selected .NET version,Active,Potential,1,test\DevTests\DevTests.csproj,File,test\DevTests\RandomData.cs,199,28,T:System.Net.Http.HttpContent,,,,,var text = response.Content.ReadAsStringAsync().Result;
Api.0003,Behavioral change in selected .NET version,Active,Potential,1,test\DevTests\DevTests.csproj,File,test\DevTests\RandomData.cs,192,20,T:System.Uri,,,,,"using (var request = new HttpRequestMessage(HttpMethod.Get, new Uri(requestUrl)))                      {                          request.Headers.Add(""Accept"", ""application/json"");                            using (var response = client.SendAsync(request).Result)                          {                              response.EnsureSuccessStatusCode();                              var text = response.Content.ReadAsStringAsync().Result;                              debugText = text;                              return JsonSerializer.Deserialize<Root>(text, options);                          }                      }"
Api.0003,Behavioral change in selected .NET version,Active,Potential,1,test\DevTests\DevTests.csproj,File,test\DevTests\RandomData.cs,192,20,M:System.Uri.#ctor(System.String),,,,,"using (var request = new HttpRequestMessage(HttpMethod.Get, new Uri(requestUrl)))                      {                          request.Headers.Add(""Accept"", ""application/json"");                            using (var response = client.SendAsync(request).Result)                          {                              response.EnsureSuccessStatusCode();                              var text = response.Content.ReadAsStringAsync().Result;                              debugText = text;                              return JsonSerializer.Deserialize<Root>(text, options);                          }                      }"
Project.0002,Project's target framework(s) needs to be changed,Active,Mandatory,1,src\Retrievers\Eligibility\Eligibility.csproj,File,src\Retrievers\Eligibility\Eligibility.csproj,,,,,,,,Current target framework: net8.0 Recommended target framework: net10.0
NuGet.0002,NuGet package upgrade is recommended,Active,Potential,1,src\Collectors\Fhir2Collector\Fhir2Collector.csproj,File,src\Collectors\Fhir2Collector\Fhir2Collector.csproj,,,Microsoft.AspNetCore.OpenApi 8.0.0,,,,,"Microsoft.AspNetCore.OpenApi, 8.0.0  Recommendation:  Remove Microsoft.AspNetCore.OpenApi, and replace with new package Microsoft.AspNetCore.OpenApi 10.0.4"
Project.0002,Project's target framework(s) needs to be changed,Active,Mandatory,1,src\Collectors\Fhir2Collector\Fhir2Collector.csproj,File,src\Collectors\Fhir2Collector\Fhir2Collector.csproj,,,,,,,,Current target framework: net8.0 Recommended target framework: net10.0
Project.0002,Project's target framework(s) needs to be changed,Active,Mandatory,1,src\Transporters\Fhir2Transporter\Fhir2Transporter.csproj,File,src\Transporters\Fhir2Transporter\Fhir2Transporter.csproj,,,,,,,,Current target framework: net8.0 Recommended target framework: net10.0
Api.0003,Behavioral change in selected .NET version,Active,Potential,1,src\Transporters\Fhir2Transporter\Fhir2Transporter.csproj,File,src\Transporters\Fhir2Transporter\Model\Fhir2Client.cs,74,8,T:System.Uri,,,,,public Resource Read(Uri id)
Api.0003,Behavioral change in selected .NET version,Active,Potential,1,src\Transporters\Fhir2Transporter\Fhir2Transporter.csproj,File,src\Transporters\Fhir2Transporter\Model\Fhir2Client.cs,39,16,T:System.Uri,,,,,"client = new FhirClient(new Uri(address), true);"
Api.0003,Behavioral change in selected .NET version,Active,Potential,1,src\Transporters\Fhir2Transporter\Fhir2Transporter.csproj,File,src\Transporters\Fhir2Transporter\Model\Fhir2Client.cs,39,16,M:System.Uri.#ctor(System.String),,,,,"client = new FhirClient(new Uri(address), true);"
NuGet.0002,NuGet package upgrade is recommended,Active,Potential,1,src\Collectors\Fhir3Collector\Fhir3Collector.csproj,File,src\Collectors\Fhir3Collector\Fhir3Collector.csproj,,,Microsoft.AspNetCore.OpenApi 8.0.0,,,,,"Microsoft.AspNetCore.OpenApi, 8.0.0  Recommendation:  Remove Microsoft.AspNetCore.OpenApi, and replace with new package Microsoft.AspNetCore.OpenApi 10.0.4"
Project.0002,Project's target framework(s) needs to be changed,Active,Mandatory,1,src\Collectors\Fhir3Collector\Fhir3Collector.csproj,File,src\Collectors\Fhir3Collector\Fhir3Collector.csproj,,,,,,,,Current target framework: net8.0 Recommended target framework: net10.0
Project.0002,Project's target framework(s) needs to be changed,Active,Mandatory,1,src\Transporters\Fhir3Transporter\Fhir3Transporter.csproj,File,src\Transporters\Fhir3Transporter\Fhir3Transporter.csproj,,,,,,,,Current target framework: net8.0 Recommended target framework: net10.0
NuGet.0002,NuGet package upgrade is recommended,Active,Potential,1,src\Collectors\Fhir4bCollector\Fhir4bCollector.csproj,File,src\Collectors\Fhir4bCollector\Fhir4bCollector.csproj,,,Microsoft.AspNetCore.OpenApi 8.0.0,,,,,"Microsoft.AspNetCore.OpenApi, 8.0.0  Recommendation:  Remove Microsoft.AspNetCore.OpenApi, and replace with new package Microsoft.AspNetCore.OpenApi 10.0.4"
Project.0002,Project's target framework(s) needs to be changed,Active,Mandatory,1,src\Collectors\Fhir4bCollector\Fhir4bCollector.csproj,File,src\Collectors\Fhir4bCollector\Fhir4bCollector.csproj,,,,,,,,Current target framework: net8.0 Recommended target framework: net10.0
Project.0002,Project's target framework(s) needs to be changed,Active,Mandatory,1,src\Transporters\Fhir4bTransporter\Fhir4bTransporter.csproj,File,src\Transporters\Fhir4bTransporter\Fhir4bTransporter.csproj,,,,,,,,Current target framework: net8.0 Recommended target framework: net10.0
NuGet.0002,NuGet package upgrade is recommended,Active,Potential,1,src\Collectors\Fhir4Collector\Fhir4Collector.csproj,File,src\Collectors\Fhir4Collector\Fhir4Collector.csproj,,,Microsoft.AspNetCore.OpenApi 8.0.0,,,,,"Microsoft.AspNetCore.OpenApi, 8.0.0  Recommendation:  Remove Microsoft.AspNetCore.OpenApi, and replace with new package Microsoft.AspNetCore.OpenApi 10.0.4"
NuGet.0001,NuGet package is incompatible,Active,Mandatory,1,src\Collectors\Fhir4Collector\Fhir4Collector.csproj,File,src\Collectors\Fhir4Collector\Fhir4Collector.csproj,,,Microsoft.VisualStudio.Azure.Containers.Tools.Targets 1.19.5,,,,,"Microsoft.VisualStudio.Azure.Containers.Tools.Targets, 1.19.5  Recommendation:  No supported version found"
Project.0002,Project's target framework(s) needs to be changed,Active,Mandatory,1,src\Collectors\Fhir4Collector\Fhir4Collector.csproj,File,src\Collectors\Fhir4Collector\Fhir4Collector.csproj,,,,,,,,Current target framework: net8.0 Recommended target framework: net10.0
Project.0002,Project's target framework(s) needs to be changed,Active,Mandatory,1,src\Transporters\Fhir4Transporter\Fhir4Transporter.csproj,File,src\Transporters\Fhir4Transporter\Fhir4Transporter.csproj,,,,,,,,Current target framework: net8.0 Recommended target framework: net10.0
Api.0003,Behavioral change in selected .NET version,Active,Potential,1,src\Transporters\Fhir4Transporter\Fhir4Transporter.csproj,File,src\Transporters\Fhir4Transporter\Model\Fhir4Client.cs,49,16,T:System.Uri,,,,,"await Task.Run(() => client = new FhirClient(cconfig.TargetUri, settings));"
NuGet.0002,NuGet package upgrade is recommended,Active,Potential,1,src\Collectors\Fhir5Collector\Fhir5Collector.csproj,File,src\Collectors\Fhir5Collector\Fhir5Collector.csproj,,,Microsoft.AspNetCore.OpenApi 8.0.0,,,,,"Microsoft.AspNetCore.OpenApi, 8.0.0  Recommendation:  Remove Microsoft.AspNetCore.OpenApi, and replace with new package Microsoft.AspNetCore.OpenApi 10.0.4"
NuGet.0001,NuGet package is incompatible,Active,Mandatory,1,src\Collectors\Fhir5Collector\Fhir5Collector.csproj,File,src\Collectors\Fhir5Collector\Fhir5Collector.csproj,,,Microsoft.VisualStudio.Azure.Containers.Tools.Targets 1.19.5,,,,,"Microsoft.VisualStudio.Azure.Containers.Tools.Targets, 1.19.5  Recommendation:  No supported version found"
Project.0002,Project's target framework(s) needs to be changed,Active,Mandatory,1,src\Collectors\Fhir5Collector\Fhir5Collector.csproj,File,src\Collectors\Fhir5Collector\Fhir5Collector.csproj,,,,,,,,Current target framework: net8.0 Recommended target framework: net10.0
Project.0002,Project's target framework(s) needs to be changed,Active,Mandatory,1,src\Transporters\Fhir5Transporter\Fhir5Transporter.csproj,File,src\Transporters\Fhir5Transporter\Fhir5Transporter.csproj,,,,,,,,Current target framework: net8.0 Recommended target framework: net10.0
NuGet.0002,NuGet package upgrade is recommended,Active,Potential,1,src\Collectors\Hl7c-CDACollector\Hl7CDACollector.csproj,File,src\Collectors\Hl7c-CDACollector\Hl7CDACollector.csproj,,,Microsoft.AspNetCore.OpenApi 8.0.0,,,,,"Microsoft.AspNetCore.OpenApi, 8.0.0  Recommendation:  Remove Microsoft.AspNetCore.OpenApi, and replace with new package Microsoft.AspNetCore.OpenApi 10.0.4"
NuGet.0001,NuGet package is incompatible,Active,Mandatory,1,src\Collectors\Hl7c-CDACollector\Hl7CDACollector.csproj,File,src\Collectors\Hl7c-CDACollector\Hl7CDACollector.csproj,,,Microsoft.VisualStudio.Azure.Containers.Tools.Targets 1.19.5,,,,,"Microsoft.VisualStudio.Azure.Containers.Tools.Targets, 1.19.5  Recommendation:  No supported version found"
Project.0002,Project's target framework(s) needs to be changed,Active,Mandatory,1,src\Collectors\Hl7c-CDACollector\Hl7CDACollector.csproj,File,src\Collectors\Hl7c-CDACollector\Hl7CDACollector.csproj,,,,,,,,Current target framework: net8.0 Recommended target framework: net10.0
Project.0002,Project's target framework(s) needs to be changed,Active,Mandatory,1,src\Transformers\HL7FhirTransformer\HL7FhirTransformer.csproj,File,src\Transformers\HL7FhirTransformer\HL7FhirTransformer.csproj,,,,,,,,Current target framework: net8.0 Recommended target framework: net10.0
NuGet.0002,NuGet package upgrade is recommended,Active,Potential,1,src\Collectors\Hl7v2Collector\Hl7v2Collector.csproj,File,src\Collectors\Hl7v2Collector\Hl7v2Collector.csproj,,,Microsoft.AspNetCore.OpenApi 8.0.0,,,,,"Microsoft.AspNetCore.OpenApi, 8.0.0  Recommendation:  Remove Microsoft.AspNetCore.OpenApi, and replace with new package Microsoft.AspNetCore.OpenApi 10.0.4"
NuGet.0001,NuGet package is incompatible,Active,Mandatory,1,src\Collectors\Hl7v2Collector\Hl7v2Collector.csproj,File,src\Collectors\Hl7v2Collector\Hl7v2Collector.csproj,,,Microsoft.VisualStudio.Azure.Containers.Tools.Targets 1.19.5,,,,,"Microsoft.VisualStudio.Azure.Containers.Tools.Targets, 1.19.5  Recommendation:  No supported version found"
Project.0002,Project's target framework(s) needs to be changed,Active,Mandatory,1,src\Collectors\Hl7v2Collector\Hl7v2Collector.csproj,File,src\Collectors\Hl7v2Collector\Hl7v2Collector.csproj,,,,,,,,Current target framework: net8.0 Recommended target framework: net10.0
Project.0002,Project's target framework(s) needs to be changed,Active,Mandatory,1,src\Transformers\HL7v2Transformer\HL7v2Transformer.csproj,File,src\Transformers\HL7v2Transformer\HL7v2Transformer.csproj,,,,,,,,Current target framework: net8.0 Recommended target framework: net10.0
NuGet.0002,NuGet package upgrade is recommended,Active,Potential,1,src\Collectors\Hl7v3Collector\Hl7v3Collector.csproj,File,src\Collectors\Hl7v3Collector\Hl7v3Collector.csproj,,,Microsoft.AspNetCore.OpenApi 8.0.0,,,,,"Microsoft.AspNetCore.OpenApi, 8.0.0  Recommendation:  Remove Microsoft.AspNetCore.OpenApi, and replace with new package Microsoft.AspNetCore.OpenApi 10.0.4"
Project.0002,Project's target framework(s) needs to be changed,Active,Mandatory,1,src\Collectors\Hl7v3Collector\Hl7v3Collector.csproj,File,src\Collectors\Hl7v3Collector\Hl7v3Collector.csproj,,,,,,,,Current target framework: net8.0 Recommended target framework: net10.0
Project.0002,Project's target framework(s) needs to be changed,Active,Mandatory,1,src\Retrievers\ICD\ICD.csproj,File,src\Retrievers\ICD\ICD.csproj,,,,,,,,Current target framework: net8.0 Recommended target framework: net10.0
NuGet.0002,NuGet package upgrade is recommended,Active,Potential,1,test\IntegrationTests\IntegrationTests.csproj,File,test\IntegrationTests\IntegrationTests.csproj,,,Microsoft.AspNetCore.Http.Connections.Client 8.0.1,,,,,"Microsoft.AspNetCore.Http.Connections.Client, 8.0.1  Recommendation:  Remove Microsoft.AspNetCore.Http.Connections.Client, and replace with new package Microsoft.AspNetCore.Http.Connections.Client 10.0.4"
NuGet.0002,NuGet package upgrade is recommended,Active,Potential,1,test\IntegrationTests\IntegrationTests.csproj,File,test\IntegrationTests\IntegrationTests.csproj,,,Microsoft.EntityFrameworkCore 8.0.1,,,,,"Microsoft.EntityFrameworkCore, 8.0.1  Recommendation:  Remove Microsoft.EntityFrameworkCore, and replace with new package Microsoft.EntityFrameworkCore 10.0.4"
NuGet.0005,NuGet package is deprecated,Active,Optional,1,test\IntegrationTests\IntegrationTests.csproj,File,test\IntegrationTests\IntegrationTests.csproj,,,Microsoft.AspNetCore 2.2.0,,,,,"Microsoft.AspNetCore, 2.2.0  Recommendation:  This package has been deprecated as part of the .NET Package Deprecation effort. You can learn more about it from https://github.com/dotnet/announcements/issues/217 Remove Microsoft.AspNetCore, and replace with new package Microsoft.AspNetCore, 2.3.9"
NuGet.0005,NuGet package is deprecated,Active,Optional,1,test\IntegrationTests\IntegrationTests.csproj,File,test\IntegrationTests\IntegrationTests.csproj,,,Npgsql.EntityFrameworkCore.PostgreSQL.Design 1.1.0,,,,,"Npgsql.EntityFrameworkCore.PostgreSQL.Design, 1.1.0  Recommendation:  This package is no longer needed in newer versions of the provider - simply remove any references to it. Remove Npgsql.EntityFrameworkCore.PostgreSQL.Design, and replace with new package Npgsql.EntityFrameworkCore.PostgreSQL.Design, 1.1.0"
Project.0002,Project's target framework(s) needs to be changed,Active,Mandatory,1,test\IntegrationTests\IntegrationTests.csproj,File,test\IntegrationTests\IntegrationTests.csproj,,,,,,,,Current target framework: net8.0 Recommended target framework: net10.0
Api.0003,Behavioral change in selected .NET version,Active,Potential,1,test\IntegrationTests\IntegrationTests.csproj,File,test\IntegrationTests\TRestControllers.cs,225,20,T:System.Net.Http.HttpContent,,,,,var responseString = await response.Content.ReadAsStringAsync();
Api.0003,Behavioral change in selected .NET version,Active,Potential,1,test\IntegrationTests\IntegrationTests.csproj,File,test\IntegrationTests\TRestControllers.cs,205,20,T:System.Net.Http.HttpContent,,,,,var responseString = await response.Content.ReadAsStringAsync();
Api.0003,Behavioral change in selected .NET version,Active,Potential,1,test\IntegrationTests\IntegrationTests.csproj,File,test\IntegrationTests\TRestControllers.cs,182,20,T:System.Net.Http.HttpContent,,,,,var responseString = await response.Content.ReadAsStringAsync();
Api.0003,Behavioral change in selected .NET version,Active,Potential,1,test\IntegrationTests\IntegrationTests.csproj,File,test\IntegrationTests\TRestControllers.cs,157,20,T:System.Net.Http.HttpContent,,,,,var responseString = await response.Content.ReadAsStringAsync();
Api.0003,Behavioral change in selected .NET version,Active,Potential,1,test\IntegrationTests\IntegrationTests.csproj,File,test\IntegrationTests\TRestControllers.cs,31,24,T:System.Net.Http.HttpContent,,,,,var responseString = await response.Content.ReadAsStringAsync();
Api.0003,Behavioral change in selected .NET version,Active,Potential,1,test\IntegrationTests\IntegrationTests.csproj,File,test\IntegrationTests\TRestControllers.cs,31,24,T:System.Net.Http.HttpContent,,,,,var responseString = await response.Content.ReadAsStringAsync();
NuGet.0002,NuGet package upgrade is recommended,Active,Potential,1,src\Vectors\Lists.csproj,File,src\Vectors\Lists.csproj,,,Microsoft.AspNetCore.OpenApi 8.0.0,,,,,"Microsoft.AspNetCore.OpenApi, 8.0.0  Recommendation:  Remove Microsoft.AspNetCore.OpenApi, and replace with new package Microsoft.AspNetCore.OpenApi 10.0.4"
NuGet.0002,NuGet package upgrade is recommended,Active,Potential,1,src\Vectors\Lists.csproj,File,src\Vectors\Lists.csproj,,,Microsoft.EntityFrameworkCore.Design 8.0.0,,,,,"Microsoft.EntityFrameworkCore.Design, 8.0.0  Recommendation:  Remove Microsoft.EntityFrameworkCore.Design, and replace with new package Microsoft.EntityFrameworkCore.Design 10.0.4"
NuGet.0002,NuGet package upgrade is recommended,Active,Potential,1,src\Vectors\Lists.csproj,File,src\Vectors\Lists.csproj,,,Microsoft.EntityFrameworkCore 8.0.0,,,,,"Microsoft.EntityFrameworkCore, 8.0.0  Recommendation:  Remove Microsoft.EntityFrameworkCore, and replace with new package Microsoft.EntityFrameworkCore 10.0.4"
NuGet.0005,NuGet package is deprecated,Active,Optional,1,src\Vectors\Lists.csproj,File,src\Vectors\Lists.csproj,,,Npgsql.EntityFrameworkCore.PostgreSQL.Design 1.1.0,,,,,"Npgsql.EntityFrameworkCore.PostgreSQL.Design, 1.1.0  Recommendation:  This package is no longer needed in newer versions of the provider - simply remove any references to it. Remove Npgsql.EntityFrameworkCore.PostgreSQL.Design, and replace with new package Npgsql.EntityFrameworkCore.PostgreSQL.Design, 1.1.0"
Project.0002,Project's target framework(s) needs to be changed,Active,Mandatory,1,src\Vectors\Lists.csproj,File,src\Vectors\Lists.csproj,,,,,,,,Current target framework: net8.0 Recommended target framework: net10.0
Project.0002,Project's target framework(s) needs to be changed,Active,Mandatory,1,src\Retrievers\LOINC\LOINC.csproj,File,src\Retrievers\LOINC\LOINC.csproj,,,,,,,,Current target framework: net8.0 Recommended target framework: net10.0
Project.0002,Project's target framework(s) needs to be changed,Active,Mandatory,1,src\Transporters\MLLPTransporter\MLLPTransporter.csproj,File,src\Transporters\MLLPTransporter\MLLPTransporter.csproj,,,,,,,,Current target framework: net8.0 Recommended target framework: net10.0
Project.0002,Project's target framework(s) needs to be changed,Active,Mandatory,1,src\Retrievers\NDC\NDC.csproj,File,src\Retrievers\NDC\NDC.csproj,,,,,,,,Current target framework: net8.0 Recommended target framework: net10.0
NuGet.0002,NuGet package upgrade is recommended,Active,Potential,1,src\PalisaidMeta\PalisaidMeta.csproj,File,src\PalisaidMeta\PalisaidMeta.csproj,,,Microsoft.Extensions.Configuration.Json 8.0.0,,,,,"Microsoft.Extensions.Configuration.Json, 8.0.0  Recommendation:  Remove Microsoft.Extensions.Configuration.Json, and replace with new package Microsoft.Extensions.Configuration.Json 10.0.4"
NuGet.0002,NuGet package upgrade is recommended,Active,Potential,1,src\PalisaidMeta\PalisaidMeta.csproj,File,src\PalisaidMeta\PalisaidMeta.csproj,,,Microsoft.Extensions.Configuration 8.0.0,,,,,"Microsoft.Extensions.Configuration, 8.0.0  Recommendation:  Remove Microsoft.Extensions.Configuration, and replace with new package Microsoft.Extensions.Configuration 10.0.4"
NuGet.0002,NuGet package upgrade is recommended,Active,Potential,1,src\PalisaidMeta\PalisaidMeta.csproj,File,src\PalisaidMeta\PalisaidMeta.csproj,,,Microsoft.EntityFrameworkCore 8.0.0,,,,,"Microsoft.EntityFrameworkCore, 8.0.0  Recommendation:  Remove Microsoft.EntityFrameworkCore, and replace with new package Microsoft.EntityFrameworkCore 10.0.4"
NuGet.0002,NuGet package upgrade is recommended,Active,Potential,1,src\PalisaidMeta\PalisaidMeta.csproj,File,src\PalisaidMeta\PalisaidMeta.csproj,,,Microsoft.EntityFrameworkCore.Design 8.0.0,,,,,"Microsoft.EntityFrameworkCore.Design, 8.0.0  Recommendation:  Remove Microsoft.EntityFrameworkCore.Design, and replace with new package Microsoft.EntityFrameworkCore.Design 10.0.4"
NuGet.0005,NuGet package is deprecated,Active,Optional,1,src\PalisaidMeta\PalisaidMeta.csproj,File,src\PalisaidMeta\PalisaidMeta.csproj,,,Npgsql.EntityFrameworkCore.PostgreSQL.Design 1.1.0,,,,,"Npgsql.EntityFrameworkCore.PostgreSQL.Design, 1.1.0  Recommendation:  This package is no longer needed in newer versions of the provider - simply remove any references to it. Remove Npgsql.EntityFrameworkCore.PostgreSQL.Design, and replace with new package Npgsql.EntityFrameworkCore.PostgreSQL.Design, 1.1.0"
Project.0002,Project's target framework(s) needs to be changed,Active,Mandatory,1,src\PalisaidMeta\PalisaidMeta.csproj,File,src\PalisaidMeta\PalisaidMeta.csproj,,,,,,,,Current target framework: net8.0 Recommended target framework: net10.0
Api.0003,Behavioral change in selected .NET version,Active,Potential,1,src\PalisaidMeta\PalisaidMeta.csproj,File,src\PalisaidMeta\Model\CollectorConfig.cs,68,37,T:System.Uri,,,,,set;
Api.0003,Behavioral change in selected .NET version,Active,Potential,1,src\PalisaidMeta\PalisaidMeta.csproj,File,src\PalisaidMeta\Model\CollectorConfig.cs,68,32,T:System.Uri,,,,,get;
Api.0003,Behavioral change in selected .NET version,Active,Potential,1,src\PalisaidMeta\PalisaidMeta.csproj,File,src\PalisaidMeta\Model\CollectorConfig.cs,68,8,T:System.Uri,,,,,public Uri? TargetUri
Api.0003,Behavioral change in selected .NET version,Active,Potential,1,src\PalisaidMeta\PalisaidMeta.csproj,File,src\PalisaidMeta\Model\UdiCarrier.cs,6,40,T:System.Uri,,,,,set;
Api.0003,Behavioral change in selected .NET version,Active,Potential,1,src\PalisaidMeta\PalisaidMeta.csproj,File,src\PalisaidMeta\Model\UdiCarrier.cs,6,35,T:System.Uri,,,,,get;
Api.0003,Behavioral change in selected .NET version,Active,Potential,1,src\PalisaidMeta\PalisaidMeta.csproj,File,src\PalisaidMeta\Model\UdiCarrier.cs,6,8,T:System.Uri,,,,,public Uri? Juristiction
Api.0003,Behavioral change in selected .NET version,Active,Potential,1,src\PalisaidMeta\PalisaidMeta.csproj,File,src\PalisaidMeta\Model\UdiCarrier.cs,5,34,T:System.Uri,,,,,set;
Api.0003,Behavioral change in selected .NET version,Active,Potential,1,src\PalisaidMeta\PalisaidMeta.csproj,File,src\PalisaidMeta\Model\UdiCarrier.cs,5,29,T:System.Uri,,,,,get;
Api.0003,Behavioral change in selected .NET version,Active,Potential,1,src\PalisaidMeta\PalisaidMeta.csproj,File,src\PalisaidMeta\Model\UdiCarrier.cs,5,8,T:System.Uri,,,,,public Uri? Issuer
Api.0003,Behavioral change in selected .NET version,Active,Potential,1,src\PalisaidMeta\PalisaidMeta.csproj,File,src\PalisaidMeta\Model\ObservationItem.cs,61,41,T:System.Uri,,,,,set;
Api.0003,Behavioral change in selected .NET version,Active,Potential,1,src\PalisaidMeta\PalisaidMeta.csproj,File,src\PalisaidMeta\Model\ObservationItem.cs,61,36,T:System.Uri,,,,,get;
Api.0003,Behavioral change in selected .NET version,Active,Potential,1,src\PalisaidMeta\PalisaidMeta.csproj,File,src\PalisaidMeta\Model\ObservationItem.cs,61,8,T:System.Uri,,,,,public Uri? BodyStructure
Api.0003,Behavioral change in selected .NET version,Active,Potential,1,src\PalisaidMeta\PalisaidMeta.csproj,File,src\PalisaidMeta\Model\Collection.cs,44,12,T:System.Uri,,,,,Location = null;
Api.0003,Behavioral change in selected .NET version,Active,Potential,1,src\PalisaidMeta\PalisaidMeta.csproj,File,src\PalisaidMeta\Model\Collection.cs,43,12,T:System.Uri,,,,,Container = null;
Api.0003,Behavioral change in selected .NET version,Active,Potential,1,src\PalisaidMeta\PalisaidMeta.csproj,File,src\PalisaidMeta\Model\Collection.cs,25,36,T:System.Uri,,,,,set;
Api.0003,Behavioral change in selected .NET version,Active,Potential,1,src\PalisaidMeta\PalisaidMeta.csproj,File,src\PalisaidMeta\Model\Collection.cs,25,31,T:System.Uri,,,,,get;
Api.0003,Behavioral change in selected .NET version,Active,Potential,1,src\PalisaidMeta\PalisaidMeta.csproj,File,src\PalisaidMeta\Model\Collection.cs,25,8,T:System.Uri,,,,,public Uri? Location
Api.0003,Behavioral change in selected .NET version,Active,Potential,1,src\PalisaidMeta\PalisaidMeta.csproj,File,src\PalisaidMeta\Model\Collection.cs,24,37,T:System.Uri,,,,,set;
Api.0003,Behavioral change in selected .NET version,Active,Potential,1,src\PalisaidMeta\PalisaidMeta.csproj,File,src\PalisaidMeta\Model\Collection.cs,24,32,T:System.Uri,,,,,get;
Api.0003,Behavioral change in selected .NET version,Active,Potential,1,src\PalisaidMeta\PalisaidMeta.csproj,File,src\PalisaidMeta\Model\Collection.cs,24,8,T:System.Uri,,,,,public Uri? Container
NuGet.0002,NuGet package upgrade is recommended,Active,Potential,1,src\PopulationHealth\PopulationHealth.csproj,File,src\PopulationHealth\PopulationHealth.csproj,,,Microsoft.AspNetCore.OpenApi 8.0.0,,,,,"Microsoft.AspNetCore.OpenApi, 8.0.0  Recommendation:  Remove Microsoft.AspNetCore.OpenApi, and replace with new package Microsoft.AspNetCore.OpenApi 10.0.4"
Project.0002,Project's target framework(s) needs to be changed,Active,Mandatory,1,src\PopulationHealth\PopulationHealth.csproj,File,src\PopulationHealth\PopulationHealth.csproj,,,,,,,,Current target framework: net8.0 Recommended target framework: net10.0
NuGet.0002,NuGet package upgrade is recommended,Active,Potential,1,src\PrimaryControllers\Primary.csproj,File,src\PrimaryControllers\Primary.csproj,,,Microsoft.AspNetCore.OpenApi 8.0.0,,,,,"Microsoft.AspNetCore.OpenApi, 8.0.0  Recommendation:  Remove Microsoft.AspNetCore.OpenApi, and replace with new package Microsoft.AspNetCore.OpenApi 10.0.4"
NuGet.0002,NuGet package upgrade is recommended,Active,Potential,1,src\PrimaryControllers\Primary.csproj,File,src\PrimaryControllers\Primary.csproj,,,Microsoft.EntityFrameworkCore.Tools 8.0.0,,,,,"Microsoft.EntityFrameworkCore.Tools, 8.0.0  Recommendation:  Remove Microsoft.EntityFrameworkCore.Tools, and replace with new package Microsoft.EntityFrameworkCore.Tools 10.0.4"
NuGet.0002,NuGet package upgrade is recommended,Active,Potential,1,src\PrimaryControllers\Primary.csproj,File,src\PrimaryControllers\Primary.csproj,,,Microsoft.EntityFrameworkCore.Design 8.0.0,,,,,"Microsoft.EntityFrameworkCore.Design, 8.0.0  Recommendation:  Remove Microsoft.EntityFrameworkCore.Design, and replace with new package Microsoft.EntityFrameworkCore.Design 10.0.4"
NuGet.0002,NuGet package upgrade is recommended,Active,Potential,1,src\PrimaryControllers\Primary.csproj,File,src\PrimaryControllers\Primary.csproj,,,Microsoft.EntityFrameworkCore 8.0.0,,,,,"Microsoft.EntityFrameworkCore, 8.0.0  Recommendation:  Remove Microsoft.EntityFrameworkCore, and replace with new package Microsoft.EntityFrameworkCore 10.0.4"
NuGet.0005,NuGet package is deprecated,Active,Optional,1,src\PrimaryControllers\Primary.csproj,File,src\PrimaryControllers\Primary.csproj,,,Npgsql.EntityFrameworkCore.PostgreSQL.Design 1.1.0,,,,,"Npgsql.EntityFrameworkCore.PostgreSQL.Design, 1.1.0  Recommendation:  This package is no longer needed in newer versions of the provider - simply remove any references to it. Remove Npgsql.EntityFrameworkCore.PostgreSQL.Design, and replace with new package Npgsql.EntityFrameworkCore.PostgreSQL.Design, 1.1.0"
Project.0002,Project's target framework(s) needs to be changed,Active,Mandatory,1,src\PrimaryControllers\Primary.csproj,File,src\PrimaryControllers\Primary.csproj,,,,,,,,Current target framework: net8.0 Recommended target framework: net10.0
Api.0002,Source incompatible for selected .NET version,Active,Potential,1,src\PrimaryControllers\Primary.csproj,File,src\PrimaryControllers\Program.cs,69,11,P:Microsoft.AspNetCore.Authentication.JwtBearer.JwtBearerOptions.TokenValidationParameters,,,,,"jwtoptions.TokenValidationParameters = new TokenValidationParameters()             {                 ValidateIssuer = true,                 ValidateAudience = true,                 ValidateLifetime = true,                 ValidateIssuerSigningKey = true,                 ClockSkew = TimeSpan.Zero,                   ValidAudience = configuration[""JWT:ValidAudience""],                 ValidIssuer = configuration[""JWT:ValidIssuer""],                 IssuerSigningKey = new SymmetricSecurityKey(Encoding.UTF8.GetBytes(configuration[""JWT:Secret""] ?? throw new ArgumentNullException(""JWT:Secret"")))             };"
Api.0002,Source incompatible for selected .NET version,Active,Potential,1,src\PrimaryControllers\Primary.csproj,File,src\PrimaryControllers\Program.cs,68,11,P:Microsoft.AspNetCore.Authentication.JwtBearer.JwtBearerOptions.RequireHttpsMetadata,,,,,jwtoptions.RequireHttpsMetadata = false;
Api.0002,Source incompatible for selected .NET version,Active,Potential,1,src\PrimaryControllers\Primary.csproj,File,src\PrimaryControllers\Program.cs,67,11,P:Microsoft.AspNetCore.Authentication.JwtBearer.JwtBearerOptions.SaveToken,,,,,jwtoptions.SaveToken = true;
Api.0002,Source incompatible for selected .NET version,Active,Potential,1,src\PrimaryControllers\Primary.csproj,File,src\PrimaryControllers\Program.cs,63,12,T:Microsoft.AspNetCore.Authentication.JwtBearer.JwtBearerDefaults,,,,,options.DefaultScheme = JwtBearerDefaults.AuthenticationScheme;
Api.0002,Source incompatible for selected .NET version,Active,Potential,1,src\PrimaryControllers\Primary.csproj,File,src\PrimaryControllers\Program.cs,63,12,F:Microsoft.AspNetCore.Authentication.JwtBearer.JwtBearerDefaults.AuthenticationScheme,,,,,options.DefaultScheme = JwtBearerDefaults.AuthenticationScheme;
Api.0002,Source incompatible for selected .NET version,Active,Potential,1,src\PrimaryControllers\Primary.csproj,File,src\PrimaryControllers\Program.cs,62,12,T:Microsoft.AspNetCore.Authentication.JwtBearer.JwtBearerDefaults,,,,,options.DefaultChallengeScheme = JwtBearerDefaults.AuthenticationScheme;
Api.0002,Source incompatible for selected .NET version,Active,Potential,1,src\PrimaryControllers\Primary.csproj,File,src\PrimaryControllers\Program.cs,62,12,F:Microsoft.AspNetCore.Authentication.JwtBearer.JwtBearerDefaults.AuthenticationScheme,,,,,options.DefaultChallengeScheme = JwtBearerDefaults.AuthenticationScheme;
Api.0002,Source incompatible for selected .NET version,Active,Potential,1,src\PrimaryControllers\Primary.csproj,File,src\PrimaryControllers\Program.cs,61,12,T:Microsoft.AspNetCore.Authentication.JwtBearer.JwtBearerDefaults,,,,,options.DefaultAuthenticateScheme = JwtBearerDefaults.AuthenticationScheme;
Api.0002,Source incompatible for selected .NET version,Active,Potential,1,src\PrimaryControllers\Primary.csproj,File,src\PrimaryControllers\Program.cs,61,12,F:Microsoft.AspNetCore.Authentication.JwtBearer.JwtBearerDefaults.AuthenticationScheme,,,,,options.DefaultAuthenticateScheme = JwtBearerDefaults.AuthenticationScheme;
Api.0002,Source incompatible for selected .NET version,Active,Potential,1,src\PrimaryControllers\Primary.csproj,File,src\PrimaryControllers\Program.cs,59,8,T:Microsoft.Extensions.DependencyInjection.JwtBearerExtensions,,,,,"builder.Services.AddAuthentication(options =>          {              options.DefaultAuthenticateScheme = JwtBearerDefaults.AuthenticationScheme;              options.DefaultChallengeScheme = JwtBearerDefaults.AuthenticationScheme;              options.DefaultScheme = JwtBearerDefaults.AuthenticationScheme;          })         .AddJwtBearer(jwtoptions =>         {             jwtoptions.SaveToken = true;             jwtoptions.RequireHttpsMetadata = false;             jwtoptions.TokenValidationParameters = new TokenValidationParameters()             {                 ValidateIssuer = true,                 ValidateAudience = true,                 ValidateLifetime = true,                 ValidateIssuerSigningKey = true,                 ClockSkew = TimeSpan.Zero,                   ValidAudience = configuration[""JWT:ValidAudience""],                 ValidIssuer = configuration[""JWT:ValidIssuer""],                 IssuerSigningKey = new SymmetricSecurityKey(Encoding.UTF8.GetBytes(configuration[""JWT:Secret""] ?? throw new ArgumentNullException(""JWT:Secret"")))             };         });"
Api.0002,Source incompatible for selected .NET version,Active,Potential,1,src\PrimaryControllers\Primary.csproj,File,src\PrimaryControllers\Program.cs,59,8,"M:Microsoft.Extensions.DependencyInjection.JwtBearerExtensions.AddJwtBearer(Microsoft.AspNetCore.Authentication.AuthenticationBuilder,System.Action{Microsoft.AspNetCore.Authentication.JwtBearer.JwtBearerOptions})",,,,,"builder.Services.AddAuthentication(options =>          {              options.DefaultAuthenticateScheme = JwtBearerDefaults.AuthenticationScheme;              options.DefaultChallengeScheme = JwtBearerDefaults.AuthenticationScheme;              options.DefaultScheme = JwtBearerDefaults.AuthenticationScheme;          })         .AddJwtBearer(jwtoptions =>         {             jwtoptions.SaveToken = true;             jwtoptions.RequireHttpsMetadata = false;             jwtoptions.TokenValidationParameters = new TokenValidationParameters()             {                 ValidateIssuer = true,                 ValidateAudience = true,                 ValidateLifetime = true,                 ValidateIssuerSigningKey = true,                 ClockSkew = TimeSpan.Zero,                   ValidAudience = configuration[""JWT:ValidAudience""],                 ValidIssuer = configuration[""JWT:ValidIssuer""],                 IssuerSigningKey = new SymmetricSecurityKey(Encoding.UTF8.GetBytes(configuration[""JWT:Secret""] ?? throw new ArgumentNullException(""JWT:Secret"")))             };         });"
Api.0002,Source incompatible for selected .NET version,Active,Potential,1,src\PrimaryControllers\Primary.csproj,File,src\PrimaryControllers\Program.cs,41,8,T:Microsoft.Extensions.DependencyInjection.IdentityEntityFrameworkBuilderExtensions,,,,,"builder.Services.AddIdentity<ApplicationUser, IdentityRole>()              .AddEntityFrameworkStores<IdentityDataContext>()              .AddDefaultTokenProviders();"
Api.0002,Source incompatible for selected .NET version,Active,Potential,1,src\PrimaryControllers\Primary.csproj,File,src\PrimaryControllers\Program.cs,41,8,M:Microsoft.Extensions.DependencyInjection.IdentityEntityFrameworkBuilderExtensions.AddEntityFrameworkStores``1(Microsoft.AspNetCore.Identity.IdentityBuilder),,,,,"builder.Services.AddIdentity<ApplicationUser, IdentityRole>()              .AddEntityFrameworkStores<IdentityDataContext>()              .AddDefaultTokenProviders();"
Api.0003,Behavioral change in selected .NET version,Active,Potential,1,src\PrimaryControllers\Primary.csproj,File,src\PrimaryControllers\Program.cs,20,8,M:Microsoft.Extensions.Logging.ConsoleLoggerExtensions.AddConsole(Microsoft.Extensions.Logging.ILoggingBuilder),,,,,builder.Logging.AddConsole();
Api.0001,Binary incompatible for selected .NET version,Active,Mandatory,1,src\PrimaryControllers\Primary.csproj,File,src\PrimaryControllers\Controllers\AuthenticateController.cs,736,12,T:System.IdentityModel.Tokens.Jwt.JwtHeader,,,,,"if (securityToken is not JwtSecurityToken jwtSecurityToken || !jwtSecurityToken.Header.Alg.Equals(SecurityAlgorithms.HmacSha256, StringComparison.InvariantCultureIgnoreCase))              {                  throw new SecurityTokenException(""Invalid token"");              }"
Api.0001,Binary incompatible for selected .NET version,Active,Mandatory,1,src\PrimaryControllers\Primary.csproj,File,src\PrimaryControllers\Controllers\AuthenticateController.cs,736,12,P:System.IdentityModel.Tokens.Jwt.JwtSecurityToken.Header,,,,,"if (securityToken is not JwtSecurityToken jwtSecurityToken || !jwtSecurityToken.Header.Alg.Equals(SecurityAlgorithms.HmacSha256, StringComparison.InvariantCultureIgnoreCase))              {                  throw new SecurityTokenException(""Invalid token"");              }"
Api.0001,Binary incompatible for selected .NET version,Active,Mandatory,1,src\PrimaryControllers\Primary.csproj,File,src\PrimaryControllers\Controllers\AuthenticateController.cs,736,12,P:System.IdentityModel.Tokens.Jwt.JwtHeader.Alg,,,,,"if (securityToken is not JwtSecurityToken jwtSecurityToken || !jwtSecurityToken.Header.Alg.Equals(SecurityAlgorithms.HmacSha256, StringComparison.InvariantCultureIgnoreCase))              {                  throw new SecurityTokenException(""Invalid token"");              }"
Api.0001,Binary incompatible for selected .NET version,Active,Mandatory,1,src\PrimaryControllers\Primary.csproj,File,src\PrimaryControllers\Controllers\AuthenticateController.cs,734,12,"M:System.IdentityModel.Tokens.Jwt.JwtSecurityTokenHandler.ValidateToken(System.String,Microsoft.IdentityModel.Tokens.TokenValidationParameters,Microsoft.IdentityModel.Tokens.SecurityToken@)",,,,,"var principal = tokenHandler.ValidateToken(token, tokenValidationParameters, out SecurityToken securityToken);"
Api.0001,Binary incompatible for selected .NET version,Active,Mandatory,1,src\PrimaryControllers\Primary.csproj,File,src\PrimaryControllers\Controllers\AuthenticateController.cs,733,12,T:System.IdentityModel.Tokens.Jwt.JwtSecurityTokenHandler,,,,,var tokenHandler = new JwtSecurityTokenHandler();
Api.0001,Binary incompatible for selected .NET version,Active,Mandatory,1,src\PrimaryControllers\Primary.csproj,File,src\PrimaryControllers\Controllers\AuthenticateController.cs,733,12,M:System.IdentityModel.Tokens.Jwt.JwtSecurityTokenHandler.#ctor,,,,,var tokenHandler = new JwtSecurityTokenHandler();
Api.0001,Binary incompatible for selected .NET version,Active,Mandatory,1,src\PrimaryControllers\Primary.csproj,File,src\PrimaryControllers\Controllers\AuthenticateController.cs,711,12,M:System.IdentityModel.Tokens.Jwt.JwtSecurityTokenHandler.CreateToken(Microsoft.IdentityModel.Tokens.SecurityTokenDescriptor),,,,,return tokenHandler.CreateToken(tokenDescriptor);
Api.0001,Binary incompatible for selected .NET version,Active,Mandatory,1,src\PrimaryControllers\Primary.csproj,File,src\PrimaryControllers\Controllers\AuthenticateController.cs,689,12,T:System.IdentityModel.Tokens.Jwt.JwtSecurityTokenHandler,,,,,var tokenHandler = new JwtSecurityTokenHandler();
Api.0001,Binary incompatible for selected .NET version,Active,Mandatory,1,src\PrimaryControllers\Primary.csproj,File,src\PrimaryControllers\Controllers\AuthenticateController.cs,689,12,M:System.IdentityModel.Tokens.Jwt.JwtSecurityTokenHandler.#ctor,,,,,var tokenHandler = new JwtSecurityTokenHandler();
Api.0001,Binary incompatible for selected .NET version,Active,Mandatory,1,src\PrimaryControllers\Primary.csproj,File,src\PrimaryControllers\Controllers\AuthenticateController.cs,627,16,T:System.IdentityModel.Tokens.Jwt.JwtSecurityTokenHandler,,,,,"return Ok(new TokenModel                  {                      access_token = new JwtSecurityTokenHandler().WriteToken(token),                      refresh_token = newRefreshToken,                      valid_to = token.ValidTo                  });"
Api.0001,Binary incompatible for selected .NET version,Active,Mandatory,1,src\PrimaryControllers\Primary.csproj,File,src\PrimaryControllers\Controllers\AuthenticateController.cs,627,16,M:System.IdentityModel.Tokens.Jwt.JwtSecurityTokenHandler.#ctor,,,,,"return Ok(new TokenModel                  {                      access_token = new JwtSecurityTokenHandler().WriteToken(token),                      refresh_token = newRefreshToken,                      valid_to = token.ValidTo                  });"
Api.0001,Binary incompatible for selected .NET version,Active,Mandatory,1,src\PrimaryControllers\Primary.csproj,File,src\PrimaryControllers\Controllers\AuthenticateController.cs,627,16,M:System.IdentityModel.Tokens.Jwt.JwtSecurityTokenHandler.WriteToken(Microsoft.IdentityModel.Tokens.SecurityToken),,,,,"return Ok(new TokenModel                  {                      access_token = new JwtSecurityTokenHandler().WriteToken(token),                      refresh_token = newRefreshToken,                      valid_to = token.ValidTo                  });"
Api.0001,Binary incompatible for selected .NET version,Active,Mandatory,1,src\PrimaryControllers\Primary.csproj,File,src\PrimaryControllers\Controllers\AuthenticateController.cs,129,20,T:System.IdentityModel.Tokens.Jwt.JwtSecurityTokenHandler,,,,,"return Ok(new TokenModel                      {                          access_token = new JwtSecurityTokenHandler().WriteToken(token),                          refresh_token = refreshToken,                          valid_to = user.RefreshTokenExpiryTime,                          entity_id = entityId ?? user.Id.ToString()                      });"
Api.0001,Binary incompatible for selected .NET version,Active,Mandatory,1,src\PrimaryControllers\Primary.csproj,File,src\PrimaryControllers\Controllers\AuthenticateController.cs,129,20,M:System.IdentityModel.Tokens.Jwt.JwtSecurityTokenHandler.#ctor,,,,,"return Ok(new TokenModel                      {                          access_token = new JwtSecurityTokenHandler().WriteToken(token),                          refresh_token = refreshToken,                          valid_to = user.RefreshTokenExpiryTime,                          entity_id = entityId ?? user.Id.ToString()                      });"
Api.0001,Binary incompatible for selected .NET version,Active,Mandatory,1,src\PrimaryControllers\Primary.csproj,File,src\PrimaryControllers\Controllers\AuthenticateController.cs,129,20,M:System.IdentityModel.Tokens.Jwt.JwtSecurityTokenHandler.WriteToken(Microsoft.IdentityModel.Tokens.SecurityToken),,,,,"return Ok(new TokenModel                      {                          access_token = new JwtSecurityTokenHandler().WriteToken(token),                          refresh_token = refreshToken,                          valid_to = user.RefreshTokenExpiryTime,                          entity_id = entityId ?? user.Id.ToString()                      });"
Api.0001,Binary incompatible for selected .NET version,Active,Mandatory,1,src\PrimaryControllers\Primary.csproj,File,src\PrimaryControllers\Controllers\AuthenticateController.cs,96,20,T:System.IdentityModel.Tokens.Jwt.JwtRegisteredClaimNames,,,,,"var authClaims = new List<Claim>                      {                          new Claim(ClaimTypes.Name, login.Username),                          new Claim(ClaimTypes.PrimarySid, user.TenantId.ToString()),                          new Claim(JwtRegisteredClaimNames.Jti, Guid.NewGuid().ToString()),                          new Claim(ClaimTypes.NameIdentifier, Id)                      };"
Api.0001,Binary incompatible for selected .NET version,Active,Mandatory,1,src\PrimaryControllers\Primary.csproj,File,src\PrimaryControllers\Controllers\AuthenticateController.cs,96,20,F:System.IdentityModel.Tokens.Jwt.JwtRegisteredClaimNames.Jti,,,,,"var authClaims = new List<Claim>                      {                          new Claim(ClaimTypes.Name, login.Username),                          new Claim(ClaimTypes.PrimarySid, user.TenantId.ToString()),                          new Claim(JwtRegisteredClaimNames.Jti, Guid.NewGuid().ToString()),                          new Claim(ClaimTypes.NameIdentifier, Id)                      };"
NuGet.0002,NuGet package upgrade is recommended,Active,Potential,1,src\Reports\Reports.csproj,File,src\Reports\Reports.csproj,,,Microsoft.AspNetCore.OpenApi 8.0.0,,,,,"Microsoft.AspNetCore.OpenApi, 8.0.0  Recommendation:  Remove Microsoft.AspNetCore.OpenApi, and replace with new package Microsoft.AspNetCore.OpenApi 10.0.4"
Project.0002,Project's target framework(s) needs to be changed,Active,Mandatory,1,src\Reports\Reports.csproj,File,src\Reports\Reports.csproj,,,,,,,,Current target framework: net8.0 Recommended target framework: net10.0
Project.0002,Project's target framework(s) needs to be changed,Active,Mandatory,1,src\Transporters\RESTTransporter\RESTTransporter.csproj,File,src\Transporters\RESTTransporter\RESTTransporter.csproj,,,,,,,,Current target framework: net8.0 Recommended target framework: net10.0
Project.0002,Project's target framework(s) needs to be changed,Active,Mandatory,1,src\Retrievers\Retriever\Retriever.csproj,File,src\Retrievers\Retriever\Retriever.csproj,,,,,,,,Current target framework: net6.0 Recommended target framework: net10.0
Project.0002,Project's target framework(s) needs to be changed,Active,Mandatory,1,src\Retrievers\RetrieverController\RetrieverController.csproj,File,src\Retrievers\RetrieverController\RetrieverController.csproj,,,,,,,,Current target framework: net6.0 Recommended target framework: net10.0
Project.0002,Project's target framework(s) needs to be changed,Active,Mandatory,1,src\Retrievers\RetrieverFactory\RetrieverFactory.csproj,File,src\Retrievers\RetrieverFactory\RetrieverFactory.csproj,,,,,,,,Current target framework: net6.0 Recommended target framework: net10.0
Project.0002,Project's target framework(s) needs to be changed,Active,Mandatory,1,src\Retrievers\SNOMED\SNOMED.csproj,File,src\Retrievers\SNOMED\SNOMED.csproj,,,,,,,,Current target framework: net8.0 Recommended target framework: net10.0
NuGet.0002,NuGet package upgrade is recommended,Active,Potential,1,src\Support\Support.csproj,File,src\Support\Support.csproj,,,Microsoft.AspNetCore.Authentication.JwtBearer 8.0.0,,,,,"Microsoft.AspNetCore.Authentication.JwtBearer, 8.0.0  Recommendation:  Remove Microsoft.AspNetCore.Authentication.JwtBearer, and replace with new package Microsoft.AspNetCore.Authentication.JwtBearer 10.0.4"
NuGet.0002,NuGet package upgrade is recommended,Active,Potential,1,src\Support\Support.csproj,File,src\Support\Support.csproj,,,Microsoft.AspNetCore.Identity.EntityFrameworkCore 8.0.0,,,,,"Microsoft.AspNetCore.Identity.EntityFrameworkCore, 8.0.0  Recommendation:  Remove Microsoft.AspNetCore.Identity.EntityFrameworkCore, and replace with new package Microsoft.AspNetCore.Identity.EntityFrameworkCore 10.0.4"
NuGet.0005,NuGet package is deprecated,Active,Optional,1,src\Support\Support.csproj,File,src\Support\Support.csproj,,,Microsoft.AspNetCore.Identity 2.2.0,,,,,"Microsoft.AspNetCore.Identity, 2.2.0  Recommendation:  This package has been deprecated as part of the .NET Package Deprecation effort. You can learn more about it from https://github.com/dotnet/announcements/issues/217 Remove Microsoft.AspNetCore.Identity, and replace with new package Microsoft.AspNetCore.Identity, 2.3.9"
Project.0002,Project's target framework(s) needs to be changed,Active,Mandatory,1,src\Support\Support.csproj,File,src\Support\Support.csproj,,,,,,,,Current target framework: net8.0 Recommended target framework: net10.0
Api.0003,Behavioral change in selected .NET version,Active,Potential,1,src\Support\Support.csproj,File,src\Support\Model\TCPClient.cs,177,12,M:System.Net.Security.SslStream.AuthenticateAsClient(System.String),,,,,stream.AuthenticateAsClient(stream.TargetHostName);
Api.0003,Behavioral change in selected .NET version,Active,Potential,1,src\Support\Support.csproj,File,src\Support\Model\TCPClient.cs,160,12,M:System.Net.Security.SslStream.AuthenticateAsClient(System.String),,,,,"stream.AuthenticateAsClient(""localhost"");"
Api.0001,Binary incompatible for selected .NET version,Active,Mandatory,1,src\Support\Support.csproj,File,src\Support\Model\GetTenantId.cs,16,16,T:System.IdentityModel.Tokens.Jwt.JwtPayload,,,,,"foreach (var i in jwtToken.Payload)                  {                      if (i.Key.ToLower().Contains(""primarysid""))                      {                          return Guid.Parse(i.Value.ToString() ?? throw new InvalidDataException(""JwtToken Incomplete""));                      }                  }"
Api.0001,Binary incompatible for selected .NET version,Active,Mandatory,1,src\Support\Support.csproj,File,src\Support\Model\GetTenantId.cs,16,16,P:System.IdentityModel.Tokens.Jwt.JwtSecurityToken.Payload,,,,,"foreach (var i in jwtToken.Payload)                  {                      if (i.Key.ToLower().Contains(""primarysid""))                      {                          return Guid.Parse(i.Value.ToString() ?? throw new InvalidDataException(""JwtToken Incomplete""));                      }                  }"
Api.0001,Binary incompatible for selected .NET version,Active,Mandatory,1,src\Support\Support.csproj,File,src\Support\Model\GetTenantId.cs,14,16,T:System.IdentityModel.Tokens.Jwt.JwtSecurityToken,,,,,var jwtToken = new JwtSecurityToken(jwt);
Api.0001,Binary incompatible for selected .NET version,Active,Mandatory,1,src\Support\Support.csproj,File,src\Support\Model\GetTenantId.cs,14,16,M:System.IdentityModel.Tokens.Jwt.JwtSecurityToken.#ctor(System.String),,,,,var jwtToken = new JwtSecurityToken(jwt);
Project.0002,Project's target framework(s) needs to be changed,Active,Mandatory,1,src\Transporters\TCPIPTransporter\TCPIPTransporter.csproj,File,src\Transporters\TCPIPTransporter\TCPIPTransporter.csproj,,,,,,,,Current target framework: net8.0 Recommended target framework: net10.0
NuGet.0002,NuGet package upgrade is recommended,Active,Potential,1,src\Transformers\Transformer\Transformer.csproj,File,src\Transformers\Transformer\Transformer.csproj,,,Microsoft.EntityFrameworkCore 8.0.0,,,,,"Microsoft.EntityFrameworkCore, 8.0.0  Recommendation:  Remove Microsoft.EntityFrameworkCore, and replace with new package Microsoft.EntityFrameworkCore 10.0.4"
Project.0002,Project's target framework(s) needs to be changed,Active,Mandatory,1,src\Transformers\Transformer\Transformer.csproj,File,src\Transformers\Transformer\Transformer.csproj,,,,,,,,Current target framework: net8.0 Recommended target framework: net10.0
Project.0002,Project's target framework(s) needs to be changed,Active,Mandatory,1,src\Transformers\TransformerControler\TransformerControler.csproj,File,src\Transformers\TransformerControler\TransformerControler.csproj,,,,,,,,Current target framework: net6.0 Recommended target framework: net10.0
Project.0002,Project's target framework(s) needs to be changed,Active,Mandatory,1,src\Transformers\TransformerFactory\TransformerFactory.csproj,File,src\Transformers\TransformerFactory\TransformerFactory.csproj,,,,,,,,Current target framework: net8.0 Recommended target framework: net10.0
Api.0003,Behavioral change in selected .NET version,Active,Potential,1,src\Transformers\TransformerFactory\TransformerFactory.csproj,File,src\Transformers\TransformerFactory\Model\DSTU2\EncounterAdapter.cs,174,8,T:System.Uri,,,,,private string getIndividualId(Uri uri)
Api.0003,Behavioral change in selected .NET version,Active,Potential,1,src\Transformers\TransformerFactory\TransformerFactory.csproj,File,src\Transformers\TransformerFactory\Model\STU3\EncounterAdapter.cs,164,8,T:System.Uri,,,,,private string getIndividualId(Uri uri)
Api.0003,Behavioral change in selected .NET version,Active,Potential,1,src\Transformers\TransformerFactory\TransformerFactory.csproj,File,src\Transformers\TransformerFactory\Model\R4\EncounterAdapter.cs,161,8,T:System.Uri,,,,,private string getIndividualId(Uri uri)
Project.0002,Project's target framework(s) needs to be changed,Active,Mandatory,1,src\Transporters\Transporter\Transporter.csproj,File,src\Transporters\Transporter\Transporter.csproj,,,,,,,,Current target framework: net8.0 Recommended target framework: net10.0
Project.0002,Project's target framework(s) needs to be changed,Active,Mandatory,1,src\Transporters\TransporterController\TransporterController.csproj,File,src\Transporters\TransporterController\TransporterController.csproj,,,,,,,,Current target framework: net6.0 Recommended target framework: net10.0
Project.0002,Project's target framework(s) needs to be changed,Active,Mandatory,1,src\Transporters\TransporterFactory\TransporterFactory.csproj,File,src\Transporters\TransporterFactory\TransporterFactory.csproj,,,,,,,,Current target framework: net8.0 Recommended target framework: net10.0
NuGet.0005,NuGet package is deprecated,Active,Optional,1,test\UnitTests\UnitTests.csproj,File,test\UnitTests\UnitTests.csproj,,,xunit 2.9.3,,,,,"xunit, 2.9.3  Recommendation:  This package will only be updated for security issues. All future feature work has moved onto v3.  Guide for migrating from xUnit.net v2 to v3: https://xunit.net/docs/getting-started/v3/migration Remove xunit, and replace with new package xunit, 2.9.3"
Project.0002,Project's target framework(s) needs to be changed,Active,Mandatory,1,test\UnitTests\UnitTests.csproj,File,test\UnitTests\UnitTests.csproj,,,,,,,,Current target framework: net8.0 Recommended target framework: net10.0
NuGet.0002,NuGet package upgrade is recommended,Active,Potential,1,src\Collectors\X12Collector\X12Collector.csproj,File,src\Collectors\X12Collector\X12Collector.csproj,,,Microsoft.AspNetCore.OpenApi 8.0.0,,,,,"Microsoft.AspNetCore.OpenApi, 8.0.0  Recommendation:  Remove Microsoft.AspNetCore.OpenApi, and replace with new package Microsoft.AspNetCore.OpenApi 10.0.4"
Project.0002,Project's target framework(s) needs to be changed,Active,Mandatory,1,src\Collectors\X12Collector\X12Collector.csproj,File,src\Collectors\X12Collector\X12Collector.csproj,,,,,,,,Current target framework: net8.0 Recommended target framework: net10.0
Project.0002,Project's target framework(s) needs to be changed,Active,Mandatory,1,src\Transformers\X12Transformer\X12Transformer.csproj,File,src\Transformers\X12Transformer\X12Transformer.csproj,,,,,,,,Current target framework: net8.0 Recommended target framework: net10.0
